{
    "name": "Процессор",
    "table_name": "cpu",
    "properties": [
        {
            "name": "Производитель",
            "type": "string",
            "signatures": [
                "\"brand\":\"([^\"]+)\""
            ]
        },
        {
            "name": "Заголовок",
            "type": "string",
            "signatures": [
                "document\\.title=\"Процессор\\s+([^—]+)"
            ]
        },
        {
            "name": "Количество ядер",
            "type": "number",
            "signatures": [
                "\"Ядро процессора\"},{\"value\":\"(\\d+)\\s*шт\\."
            ]
        },
        {
            "name": "Количество потоков",
            "type": "number",
            "signatures": [
                "\"name\":\"Количество потоков\",\"value\":\"(\\d+)\""
            ]
        },
        {
            "name": "Техпроцесс",
            "type": "number",
            "signatures": [
                "\"value\":\"(\\d+)\\s*нм\""
            ]
        },
        {
            "name": "Частота",
            "type": "number",
            "signatures": [
                "\"value\":\"(\\d+)\\s*МГц\""
            ]
        },
        {
            "name": "TDP",
            "type": "number",
            "signatures": [
                "\"value\":\"(\\d+)\\s*Вт\""
            ]
        }
    ]
}
